Municipality,Sector,Outage Reported,Estimated Time of Restoration,Estimated Customers Impacted,Category,Current Status
BAYAMON,"CEM. CEMENTERIO MUNICIPAL LOMAS VERDES, COM. COMERCIO, COND. CHALETS DE ROYAL PALM, EDU. ESCUELA DR. JOSE PADIN, EDU. ESCUELA JOSEFITA MONSERRATE DE SELLES, URB. AGUSTIN STAHL, URB. ALTURAS DE FLAMBOYAN, URB. INDUSTRIAL MINILLAS, URB. LOMAS VERDES 1, URB.",August 14 17:03',August 14 23:00',1501-2000,Unplanned,"LUMA has successfully completed repairs and restored power to the area. If you have any questions, please contact us at 1-844-888-5862 (LUMA). "
GUAYNABO,"BDA. CRUZ MELENDEZ, COND. GRANADA PARK, COND. PORTALES DE ALHEL√è, RES. RESIDENCIAL MARTINEZ NADAL, RES. RESIDENCIAL ROSALEDA, SECT. EL ULTIMO CHANCE, SECT. PEnAGARICANO, URB. EL JARDIN, URB. EXTENSION PARKVILLE TOWN HOUSE, URB. HIGHLAND GARDENS, URB. LOS ",August 14 11:52',August 14 23:00',2001-2500,Unplanned,"LUMA has successfully completed repairs and restored power to the area. If you have any questions, please contact us at 1-844-888-5862 (LUMA). "
TOA BAJA,"ARE. PARQUE DE BEISBOL Y CANCHA, COME. PLAZA PRADERAS, COMU. COREA, COND. RIBERAS DE RIO HONDO, PARC. RIO PLANTATION, URB. ESTANCIAS DE RIO HONDO 1, URB. ESTANCIAS DE RIO HONDO 2, URB. ESTANCIAS DE RIO HONDO 3, URB. FRONTERAS DE BAYAMON, URB. LOS ALMENDRO",August 14 08:30',August 15 10:00',4501-5000,Unplanned,"LUMA has successfully completed repairs and restored power to the area. If you have any questions, please contact us at 1-844-888-5862 (LUMA). "
CIDRA,"BDA. FERRER, COMU. FATIMA, COMU. LAS FLORES, EDU. ESCUELA CLEMENCIA MELENDEZ, PARC. LA MILAGROSA, RES. RESIDENCIAL JARDINES DE CIDRA, SECT. ALMIRANTE, SECT. ALTURAS DE CIDRA, SECT. BERRIOS, SECT. CAPILLA, SECT. CASCO URBANO, SECT. CASTRODAD, SECT. CHICHON",August 14 19:46',August 15 10:00',2501-3000,Unplanned,Our power restoration team is onsite conducting critical repairs to restore power the area as quickly and safely as possible.
CIDRA,"SECT. LOS MORALES, URB. SABANERA",August 14 19:46',August 14 23:00',<500,Unplanned,Our power restoration team is onsite conducting critical repairs to restore power the area as quickly and safely as possible.
CAROLINA,"COMU. SAINT JUST, COMU. SAN ANTON, COND. PARQUE DE SAN ANTON, RES. RESIDENCIAL LOS MIRTOS, SECT. LA LOMA, URB. CIUDAD CENTRAL, URB. PASEO DE LA ALHAMBRA, URB. ROLLING HILLS, URB. VILLAS DEL MADRIGAL, URB. VILLAS DE SAN ANTON",August 14 19:46',August 15 23:00',1501-2000,Unplanned,Our power restoration team is onsite conducting critical repairs to restore power the area as quickly and safely as possible.
CIDRA,"EDU. ESCUELA JESUS T. PInERO, EDU. ESCUELA RUTH EVELYN CRUZ SANTOS, SECT. CASCO URBANO, SECT. CASILLAS, SECT. EL GALLITO, SECT. ESCRIBANO, SECT. FRANCO, SECT. LA HERRADURA, SECT. MIGUEL SANCHEZ, SECT. MONTALVAN, SECT. PALMA SOLA, SECT. RODRIGUEZ, SECT. TA",August 14 19:46',August 15 10:00',1001-1500,Unplanned,Our power restoration team is onsite conducting critical repairs to restore power the area as quickly and safely as possible.
YABUCOA,"CEM. CEMENTERIO REPARTO HORIZONTE YABUCOA, EDU. ESCUELA JUAN B. HUYKE, EDU. ESCUELA LOS COLEGIOS, FGE. ESTACION DE BOMBEROS DE YABUCOA, HOSP. HOSPITAL VIEJO COLON, IND. COMPLEJO INDUSTRIAL JUAN MARTIN YABUCOA, RES. RESIDENCIAL VICTOR BERRIOS, SECT. POBLAD",August 14 19:40',August 14 23:00',1001-1500,Unplanned,Our power restoration team is onsite conducting critical repairs to restore power the area as quickly and safely as possible.
ARECIBO,"COMU. ABRA SAN FRANCISCO, COND. VILLA CAMPESTRE, EDU. ESCUELA LOS CAnOS, SECT. EL DIQUE, SECT. EL TANQUE, SECT. LOS CAnOS, SECT. MONROIG, URB. CAMINO DEL VALLE, URB. VALLE VERDE, URB. VILLA ANGELA, URB. BRISAS DE PALMA ROJA, URB. CORALES DEL MAR, URB. COS",August 14 17:29',August 14 23:00',>5000,Unplanned,Our local power restoration team is being dispatched to the area as soon as possible. 
VEGA BAJA,"SECT. LOS TUBOS, BDA. SANDIN, COND. ATLANTIC VIEW COURT, SECT. PLAYA PUERTO NUEVO, URB. EXTENSION OCEAN FRONT, URB. LOS ALMENDROS, URB. OCEAN FRONT, URB. OCEAN PARK, URB. REPARTO MAR DEL NORTE, URB. VILLA DE LOS PESCADORES, URB. VILLAS DE LA PLAYA",August 14 17:06',August 14 23:00',2501-3000,Unplanned,Our power restoration team is onsite conducting critical repairs to restore power the area as quickly and safely as possible. 
JUNCOS,"COME. JUNCOS PLAZA, COMU. EL MANGO, COMU. LAS CAMPInAS, COMU. ROSALIA, COMU. SANTANA, COMU. SANTANA 1, COMU. VILLA ALBIZU, COND. LA CIMA APARTMENTS, EDU. ESCUELA JOSE COLLAZO COLON, EDU. ESCUELA JUAN A. SANCHEZ, IND. CEIBA NORTE, IND. CENTRO INDUSTRIAL BA",August 14 17:03',August 14 23:00',>5000,Unplanned,Our local power restoration team is being dispatched to the area as soon as possible. 
TRUJILLO ALTO,"CMPR. ENCANTADA, COND. AVENTURA, URB. ANTILLANA, URB. CORRIENTES, URB. ENTRERIOS, URB. PACIFICA, URB. RIACHUELO",August 14 16:30',August 14 22:00',501-1000,Unplanned,Our local power restoration team is being dispatched to the area as soon as possible. 
ARECIBO,"COMU. NUEVAS SABANA HOYOS 2, EDU. ESCUELA SABANA HOYOS, SECT. ALLENDE, SECT. ANIMAS, SECT. BALLAJA, SECT. CAROLINA, SECT. JARDINES DE CANDELARIA, SECT. MANANTIALES, SECT. RIACHUELO, URB. LOS JARDINES, URB. REPARTO SANTA MARIA",August 14 15:52',August 14 23:00',2501-3000,Unplanned,Our power restoration team is onsite conducting critical repairs to restore power the area as quickly and safely as possible. 
,"BDA. NICOLIN PEREZ, EDU. ESCUELA LUIS MUnOZ RIVERA, RES. RESIDENCIAL JARDINES DE PARQUE REAL, RES. RESIDENCIAL LAS AMERICAS, RES. RESIDENCIAL PARQUE REAL, SECT. LA JAVILLA, SECT. PIEDRAS BLANCAS, URB. ESTANCIAS DE LAJAS, URB. JARDINES DE LAJAS, URB. LINDA VISTA, URB. PARQUE REAL, SECT. TOKIO, URB. ALTURAS DE LAJAS 1, URB. ALTURAS DE LAJAS 2, URB. EL VALLE, URB. EXTENSION EL VALLE, URB. PASEOS DEL VALLE, URB. VIA PARGUERA, COMU. RAYO PLATA, PARC. LAJAS ARRIBA, PARC. LA PLATA, PARC. SANTA ROSA, SECT. LA GARZA, SECT. LA JAVILLA, SECT. LAS CUEVAS, SECT. PInALEJOS, SECT. VILLA SAN JOSE, SECT. VISTA ALEGRE, URB. ESTANCIA DE SANTA ROSA, URB. ESTANCIAS DEL PARRA 2, URB. EXTENSION EL VALLE, URB. JARDINES DE MAYELA, URB. REPARTO EL VALLE, EDU. JUAN CACIO ORTIZ DE LA RENTA, PARC. PALMAREJO 1, PARC. PALMAREJO 2, SECT. CERRO ALTO, SECT. CHRISTIAN, SECT. JOVILLOS, SECT. LA HAYA, SECT. LOS PARDOS, SECT. PAULINA MORALES, SECT. REPARTO VILLA CAROLINA, SECT. TOKIO, URB. RIVERA, SECT. QUEBRADA HONDA",August 14 15:30',August 15 10:00',>5000,Unplanned,Our local power restoration team is being dispatched to the area as soon as possible. 
HATILLO,"SECT. CUESTA LOS MUDOS, SECT. LA PALOMA, SECT. LAS PLANAS",August 14 14:07',August 15 10:00',501-1000,Unplanned,Our local power restoration team is being dispatched to the area as soon as possible. 
,"COM. J. F. MONTALVO CASH AND CARRY INC., SECT. CHICHARO, SECT. CONCEPCION, SECT. CUBA LIBRE, SECT. GUARICO, SECT. KUILAN, SECT. LAGUNA 1, SECT. LAGUNA 2, SECT. LA PRA, SECT. LAS CALANDRIAS, SECT. LOS BLOISE, SECT. LOS ROMANES, SECT. MAVITO, SECT. RODRIGUEZ, URB. GOLDEN HILLS, SECT. JAZMIN, URB. HACIENDAS DE DORADO, SECT. FORTUNA, SECT. REPARTO DEL VALLE, URB. EXTENSION LA ESPERANZA, URB. LA ESPERANZA, URB. LA ROSALEDA, URB. SANTA ANA, COMU. LOS PUERTOS, EDU. ESCUELA ELEMENTAL ECOLOGICA, PARC. EL COTTO, SECT. COTTO MARTELL, SECT. LA ALDEA, SECT. LA POZA, SECT. LA PRA, SECT. MAYSONET 1, SECT. MAYSONET 2, URB. PAISAJES DE DORADO, CEM. MAUSOLEO MUNICIPAL DE VEGA ALTA, COMU. MONTE REY, COND. PISOS DE SANTA ANA, COND. VERDE LUZ, EDU. ESCUELA RAFAEL HERNANDEZ, URB. EXTENSION SANTA ANA, URB. SANTA ANA, RES. MONTE VERDE, URB. SANTA RITA",August 14 14:07',August 15 10:00',4001-4500,Unplanned,Our power restoration team is onsite conducting critical repairs to restore power the area as quickly and safely as possible.
COROZAL,"SECT. HERMITA, PARC. RAMON PABON, SECT. PATRON, URB. JOHN DIAZ, URB. MATOS, URB. QUINTAS DEL RIO, URB. RIBERAS DE UNIBON, URB. ROSE VALLEY",August 14 14:07',August 15 10:00',1001-1500,Unplanned,Our local power restoration team is being dispatched to the area as soon as possible. 
SAN JUAN,"CEM. CEMENTERIO BUXEDA MEMORIAL, CEM. CEMENTERIO EL SEnORIAL, COND. ALTURAS DE SAN JUAN, COND. ARCOS DE CUPEY, COND. EL MARIA, COND. ESTANCIAS DEL BOULEVARD, COND. GARDEN VALLEY CLUB, COND. SAN JUAN CHALETS, COND. TROPICAL COURT, COND. VAZQUEZ APARTMENTS,",August 14 13:40',August 14 10:00',2001-2500,Unplanned,Our local power restoration team is being dispatched to the area as soon as possible. 
GUAYNABO,"URB. ESTANCIAS DEL PARQUE, URB. HIGHLAND GARDENS, URB. JUAN PONCE DE LEON, URB. MUnOZ RIVERA",August 14 13:33',August 15 10:00',1501-2000,Unplanned,Our power restoration team is onsite conducting critical repairs to restore power the area as quickly and safely as possible.
DORADO,"COME. DORADO SHOPPING CENTER, SECT. SANTA ROSA",August 14 12:59',August 15 10:00',<500,Unplanned,Our power restoration team is onsite conducting critical repairs to restore power the area as quickly and safely as possible.
,"COMU. EXTENSION PIEDRA AGUZA, COMU. SANTA MARTA, SECT. AGUAS SALADAS, SECT. VILLA NORMA, URB. BRISAS DEL SUR, URB. COLINAS DEL PRADO, URB. ESTANCIAS DE JUANA DIAZ, URB. LOS REYES, URB. MANSIONES PASEO DE REYES, URB. VILLAS DEL PRADO, COMU. EXTENSION RIO CAnAS ABAJO, COMU. PASTILLO PRIETO, COMU. RIO CAnAS ABAJO, URB. BRISAS DEL VALLE, URB. COLINAS DE VERDE AZUL, URB. HACIENDAS DE CASA BLANCA, URB. QUINTAS DE RIO CAnAS, URB. REPARTO ALGARROBO, URB. VILLAS DE RIO CAnAS",August 14 12:57',August 15 10:00',4001-4500,Unplanned,Our local power restoration team is being dispatched to the area as soon as possible. 
NARANJITO,"EDU. ESCUELA ROSA LUZ ZAYAS, SECT. CAMINO MERO MORALES, SECT. CAMINO TOnO NIEVES, SECT. CASCO URBANO, SECT. EL BLANCO, SECT. EL BRONCO, SECT. EL CERRO, SECT. EL PALMAR, SECT. FEIJO, SECT. FERRER, SECT. HIGUILLALES, SECT. LA MAYA, SECT. LAS CRUCES, SECT. L",August 14 12:57',August 15 10:00',2501-3000,Unplanned,Our local power restoration team is being dispatched to the area as soon as possible. 
COROZAL,"COMU. ANTONIO BERIO, COMU. PADILLA, EDU. ESCUELA ANTONIO RIVERA, EDU. ESCUELA DEMETRIO RIVERA, EDU. ESCUELA PORFIRIO CRUZ GARCIA, IGL. IGLESIA CRISTIANA DISCIPULOS DE CRISTO PALMARITO, SECT. ALTURAS DE PADILLA, SECT. EL ALMENDRO, SECT. EL LLANO, SECT. HOR",August 14 12:55',August 15 10:00',1501-2000,Unplanned,Our local power restoration team is being dispatched to the area as soon as possible. 
CAROLINA,"COND. MONTECENTRO, IND. CANOVANILLANAS INDUSTRIAL PARK, IND. PARQUE INDUSTRIAL METROPOLITANO, IND. PUERTO RICO INDUSTRIAL PARK, IND. PUERTO RICO INDUSTRIAL PARK 2, PARC. BUENAVENTURA, RES. RESIDENCIAL SANTA CATALINA, URB. CIUDAD CENTRO, URB. HACIENDA REAL",August 14 12:41',August 15 10:00',4001-4500,Unplanned,Our power restoration team is onsite conducting critical repairs to restore power the area as quickly and safely as possible.
COROZAL,"SECT. MAVILLA, URB. EXTENSION MARIA DEL CARMEN, SECT. ARTURO MORALES, SECT. CUCHILLAS, SECT. CUCHILLAS PACHECO, SECT. LOS GUAYABOS, SECT. LOS QUILES, SECT. SICO MARTINEZ, COME. PLAZA AQUARIUM MALL, SECT. CHARRIEZ, SECT. LOMAS GARCIA, SECT. LOS SANCHEZ",August 14 12:20',August 14 23:00',<500,Unplanned,Our power restoration team is onsite conducting critical repairs to restore power the area as quickly and safely as possible. 
CAROLINA,"URB. GOLDEN VALLEY, URB. REMANSO TAINO, COM. CENTRO COMERCIAL LOMAS, SECT. CANTO DE SAPO, SECT. ESTANCIAS TROPICALES, SECT. HOYA FRIA, SECT. LA ALDEA, SECT. LA CHISPA, SECT. LA LOMA, SECT. LOMAS DE SANTA CRUZ, SECT. LOS GUME, SECT. LOS RUIZ, SECT. LOS TAP",August 14 12:18',August 15 10:00',1001-1500,Unplanned,Our power restoration team is onsite conducting critical repairs to restore power the area as quickly and safely as possible.
CAROLINA,"COMU. SABANA ABAJO NORTE, COMU. SABANA ABAJO SUR, COND. CAROLINA COURT, COND. EL MILENIO, COND. MONSERRATE TOWERS, RES. RESIDENCIAL SABANA ABAJO, URB. ALTURAS DE VILLA FONTANA, URB. EXTENSION EL COMANDANTE, URB. VALLE ARRIBA HEIGHTS, URB. VILLA FLORES, UR",August 14 12:17',August 15 10:00',3001-3500,Unplanned,Our power restoration team is onsite conducting critical repairs to restore power the area as quickly and safely as possible.
SAN JUAN,"FGE. CAPITOLIO DE PUERTO RICO, SECT. PUERTA DE TIERRA, COND. LA PUNTILLA, SECT. MARINA, SECT. PUERTA DE TIERRA",August 14 11:58',August 15 10:00',1501-2000,Unplanned,Our local power restoration team is being dispatched to the area as soon as possible. 
NARANJITO,"EDU. ESCUELA ROSA LUZ ZAYAS, SECT. CAMINO MERO MORALES, SECT. CAMINO TOnO NIEVES, SECT. CASCO URBANO, SECT. EL BLANCO, SECT. EL BRONCO, SECT. EL CERRO, SECT. EL PALMAR, SECT. FEIJO, SECT. FERRER, SECT. HIGUILLALES, SECT. LA MAYA, SECT. LAS CRUCES, SECT. L",August 14 11:57',August 15 10:00',2501-3000,Unplanned,Our power restoration team is onsite conducting critical repairs to restore power the area as quickly and safely as possible.
CANOVANAS,"EDU. ESCUELA ELEMENTAL JULIA DE BURGOS, SECT. PARACHOFER, SECT. PUEBLO INDIO, SECT. SANTA CATALINA, SECT. VILLA BORINQUEN LA CENTRAL, SECT. VILLA SANTA, URB. BRISAS DE CANOVANAS, URB. BRISAS DE CANOVANAS 2, URB. BRISAS DE LOIZA, URB. LOIZA VALLEY, URB. LO",August 14 11:57',August 15 10:00',>5000,Unplanned,Our power restoration team is onsite conducting critical repairs to restore power the area as quickly and safely as possible.
BAYAMON,"COMU. DAJAOS, SECT. ALGARIN, SECT. CHICHARO, SECT. EL GANDUL, SECT. EL PUEBLITO, SECT. GASCOT, SECT. LA TROCHA, SECT. LOMA DEL VIENTO, SECT. LOS BURGOS, SECT. QUEBRADA HONDA, SECT. RIITO, SECT. LOS JUANES, SECT. LOS COROZOS",August 14 11:57',August 15 10:00',501-1000,Unplanned,Our local power restoration team is being dispatched to the area as soon as possible. 
CANOVANAS,"COME. THE OUTLET MALL 6, COND. ALBORADA , URB. ESTANCIAS DEL RIO, URB. RIVER GARDENS, URB. RIVER GARDENS ESTATES, URB. RIVER PLANTATION, COME. PLAZA NORESTE SHOPPING CENTER, ONG. HOGAR SANTA TERESA TODA HERMANAS CARMELITA, SECT. PALMAREJO, URB. COUNTRY VI",August 14 11:57',August 15 10:00',1501-2000,Unplanned,Our local power restoration team is being dispatched to the area as soon as possible. 
VEGA BAJA,"COMU. LOS PUERTOS, SECT. MARISMILLA, SECT. VILLA PALMAS, URB. JARDIN DORADO, URB. LOS PRADOS DE DORADO NORTE, URB. LOS PRADOS DE DORADO SUR, COME. PLAZA DEL MAR SHOPPING CENTER, COMU. BREnAS, COMU. CARMELITA, COMU. CERRO GORDO, COMU. VILLA ALEGRIA, COMU. ",August 14 11:47',August 15 10:00',4501-5000,Unplanned,Our power restoration team is onsite conducting critical repairs to restore power the area as quickly and safely as possible.
SAN JUAN,"COND. QUINTAS DE CUPEY GARDENS, COND. VILLAS DE PASEO SOL, URB. ALTURAS DEL REMANSO, URB. BORINQUEN GARDENS, URB. EL REMANSO, URB. HUCARES, URB. LADERAS DE PALMA REAL, URB. PASEO DE LA FUENTE, URB. PASEO DEL PARQUE, URB. PASEO LAS BRISAS, URB. PASEO SAN J",August 14 11:40',August 15 10:00',501-1000,Unplanned,Our local power restoration team is being dispatched to the area as soon as possible. 
ISABELA,"COMU. CAPIRO, COMU. LLANADAS, COMU. SAN ANTONIO DE LA TUNA, COMU. SONUCO, HTL. MOTEL TROPICAL, SECT. 21, SECT. CAJIGAS, SECT. CALICHOZA, SECT. CHELAO RODRIGUEZ, SECT. CHEVIN ROMAN, SECT. EULOGIO BURGOS, SECT. IGLESIA, SECT. JABILLO, SECT. LA QUINCE, SECT.",August 14 11:37',August 15 10:00',3001-3500,Unplanned,Our local power restoration team is being dispatched to the area as soon as possible. 
JAYUYA,"COMU. MARQUEZ, COMU. SANTA CLARA, SECT. HOYO FRIO, SECT. LA SALSA, SECT. LOS AJOS, SECT. VISTA ALEGRE, URB. ALTURAS DE JAYUYA, URB. JARDINES DE JAYUYA, PARC. ISOLINA",August 14 11:30',August 15 10:00',1001-1500,Unplanned,Our power restoration team is onsite conducting critical repairs to restore power the area as quickly and safely as possible.
TRUJILLO ALTO,"CEM. CEMENTERIO MUNICIPAL DE TRUJILLO ALTO, COND. SENDEROS DEL RIO, COND. VISTA SERENA, EDU. ESCUELA EL CONQUISTADOR, SECT. CULEBRA, SECT. LOS AYALAS, URB. EL CONQUISTADOR, URB. EL CONQUISTADOR TOWNHOUSES, URB. HACIENDAS DEL LAGO, URB. LA LOMITA, URB. LA ",August 14 11:16',August 14 23:00',<500,Unplanned,Our power restoration team is onsite conducting critical repairs to restore power the area as quickly and safely as possible. 
TRUJILLO ALTO,"CMPR. ENCANTADA, COND. AVENTURA, SECT. EL TRAPICHE, SECT. PELLIN CRUZ, URB. VALLE DE SAN JUAN",August 14 11:16',August 14 23:00',501-1000,Unplanned,Our local power restoration team is being dispatched to the area as soon as possible. 
QUEBRADILLAS,"EDU. ESCUELA ELEMENTAL JOSE DE DIEGO, PARC. SAN ANTONIO, SECT. EL FOSFORO, SECT. EL LLANO, SECT. LA HACIENDA, SECT. LOS MERCADO, SECT. LOS MUnIZ, SECT. MONTADERO, SECT. PALMARITO, SECT. PRIETO, URB. KENNEDY",August 14 11:16',August 14 23:00',2501-3000,Unplanned,Our power restoration team is onsite conducting critical repairs to restore power the area as quickly and safely as possible. 
SAN JUAN,"ONG. HOGAR MI ADORADA CASITA, URB. CAPARRA TERRACE, URB. PUERTO NUEVO, URB. REPARTO METROPOLITANO",August 14 11:06',August 15 10:00',1001-1500,Unplanned,Our power restoration team is onsite conducting critical repairs to restore power the area as quickly and safely as possible.
TRUJILLO ALTO,"CMPR. ENCANTADA, COND. AVENTURA, URB. ANTILLANA, URB. CORRIENTES, URB. ENTRERIOS, URB. PACIFICA, URB. RIACHUELO",August 14 11:06',August 15 10:00',501-1000,Unplanned,Our power restoration team is onsite conducting critical repairs to restore power the area as quickly and safely as possible.
SAN JUAN,"CMPG. ARMY RESERVE CENTER, CMPG. SAN PATRICIO FOREST, EDU. ESCUELA ELEMENTAL EUGENIO MARIA DE HOSTOS, FGE. ESTACION DE BOMBEROS DE SAN JUAN, FGE. INSTITUTO DEL DENGUE, URB. CAPARRA TERRACE, URB. PUERTO NUEVO",August 14 11:06',August 15 10:00',1001-1500,Unplanned,Our power restoration team is onsite conducting critical repairs to restore power the area as quickly and safely as possible.
LAS MARIAS,"COMU. ACEVEDO, COMU. GUILLERMO MARTINEZ, COMU. REPARTO SANTALIZ, COMU. SANTA ROSA, PARC. LAVERGNE, PARC. SANTA ROSA, SECT. EL LLANO, SECT. LA GUAJANA, SECT. LAS JUANITAS, SECT. LOS VEGA, SECT. PEPE TRABAL, SECT. SECTOR CALLE PALMER, URB. ESTANCIAS DE SANT",August 14 10:10',August 15 10:00',1501-2000,Unplanned,Our local power restoration team is being dispatched to the area as soon as possible. 
SAN SEBASTIAN,"SECT. BEJUCO, SECT. EL PARAISO, SECT. LA VEGA, SECT. MUnIZ, SECT. RICARDO MORALES, URB. EXTENSION VILLA RITA, URB. JARDINES DE GUATEMALA, URB. LOS ALAMOS, URB. VILLA RITA",August 14 10:00',August 15 10:00',2501-3000,Unplanned,Our local power restoration team is being dispatched to the area as soon as possible. 
JUNCOS,"COME. JUNCOS PLAZA, COMU. EL MANGO, COMU. LAS CAMPInAS, COMU. ROSALIA, COMU. SANTANA, COMU. SANTANA 1, COMU. VILLA ALBIZU, COND. LA CIMA APARTMENTS, EDU. ESCUELA JOSE COLLAZO COLON, EDU. ESCUELA JUAN A. SANCHEZ, IND. CEIBA NORTE, IND. CENTRO INDUSTRIAL BA",August 14 09:30',August 15 10:00',4501-5000,Unplanned,Our power restoration team is onsite conducting critical repairs to restore power the area as quickly and safely as possible.
CAGUAS,"COND. LOS FLAMBOYANES, COND. LOS FLAMBOYANES 2, DOT. RIO TURABO, RES. RESIDENCIAL JOSE GAUTIER BENITEZ, URB. MARIOLGA, URB. VILLA CARMEN, URB. VILLAS DE RIO VERDE",August 14 09:15',August 15 10:00',501-1000,Unplanned,Our local power restoration team is being dispatched to the area as soon as possible. 
LARES,"COME. LARES MEDICAL CENTER, COND. LARES GARDENS, EDU. ESCUELA DOMINGO APONTE COLLAZO, EDU. ESCUELA IGNACIO DICUPE GONZALEZ, SECT. LA SIERRA, URB. BUENA VISTA, URB. VILLA SERAL",August 14 09:10',August 15 10:00',3501-4000,Unplanned,Our local power restoration team is being dispatched to the area as soon as possible. 
BAYAMON,"COMU. EL PARAISO, COMU. JUAN SANCHEZ, COMU. LA MORENITA, COND. LA FLORESTA, EDU. UNIVERSIDAD DE PUERTO RICO, SECT. ACILES, SECT. ATANACIO, SECT. BENEZARIO, SECT. CANCEL, SECT. CHINEA, SECT. CHORRERAS, SECT. COLLORES, SECT. CRUZ VERGARA, SECT. GARCIA NAZAR",August 14 09:06',August 14 23:00',1501-2000,Unplanned,Our power restoration team is onsite conducting critical repairs to restore power the area as quickly and safely as possible. 
CAGUAS,"COME. PLAZA BUXO, SECT. ARILL, SECT. ASIA, SECT. BEZARES, SECT. SALVATIERRA, SECT. LA REPRESA, SECT. LOS ALVERIOS, SECT. LOS CARRASQUILLO, SECT. LOS VELAZQUEZ, SECT. MARIA VALLEJO, SECT. MIGUEL SANCHEZ, SECT. OROSCO, SECT. RAFAEL COLON, SECT. RANCHO QUINTANA, SECT. RIO PLAYITA, URB. ALTURAS DE SAN LORENZO, URB. BOSQUE LLANO, URB. HACIENDAS DE CERRO GORDO, URB. JARDINES DE CERRO GORDO, URB. MONTE REY, URB. PASEO DE LAS FLORES, SECT. SECUNDINA CRUZ VAZQUEZ, SECT. CAMPO FLORES, SECT. DEL VALLE, SECT. EL ACUEDUCTO, SECT. HOYO HONDO, SECT. JOSEFA DOMINGUEZ, SECT. LA CARMELITA, SECT. LA MARINA, SECT. LOS AMIGOS, SECT. CAMINO VIEJO, SECT. EL CHAPARRAL, SECT. EL MAMEY, SECT. LOS CONTRERAS, SECT. LOS FERNANDEZ, SECT. LOS GOMEZ, SECT. LOS MONTAnEZ, SECT. LOS MORALES, SECT. LOS QUINTANA, SECT. QUERUBE, SECT. RAFAEL COLON, SECT. TERRAZAS DE FLORIDA, URB. HACIENDA FLORIDA, URB. HACIENDA FLORIDA 2, SECT. EL COCO, SECT. LOS FLORES, URB. VISTAS DE JUNCOS, PARC. LOS FLAMBOYANES, SECT. ABREU, SECT. CAMPO VIEJO, SECT. CONTRERAS, SECT. EL ZARZAL, SECT. LA VIA, SECT. LOS GOMEZ, SECT. TACHO GOMEZ, URB. CIUDAD MASSO ARE. ESPINO, EDU. ESCUELA MARIA CRUZ BUITRAGO, HTL. MOTEL ORIENTE, PARC. ESPINO, PARC. JAGUAL, PARC. NUEVAS DE JAGUAL, SECT. CAMINO LOS RATONES, SECT. CANTA GALLO, SECT. CASCO URBANO, SECT. CRESPO, SECT. CUBUY, SECT. CULEBRA ALTO, SECT. DEL VALLE, SECT. DIAZ, SECT. EL SALTO, SECT. JACOBO PEREZ, SECT. JULIO MORALES, SECT. LA CANTERA, SECT. LA CAPILLA, SECT. LA CEIBA, SECT. LAS COLINAS, SECT. LOS BORGES, SECT. LOS GRILLOS, SECT. MANCHURRIA, SECT. MARCELINO DAVILA, SECT. MELILLAS, SECT. MODESTO RAMOS, SECT. MOJICA, SECT. MONTE VERDE, SECT. MORENA, SECT. PIEDRA BLANCA, SECT. PUERTO MOYET, SECT. QUEBRADA LAJAS, SECT. SALVATIERRA, SECT. VALLE DEL OASIS, URB. ESTANCIAS DE SAN LORENZO, URB. PASEO DE SAN LORENZO, URB. RAMOS ANTONINI, URB. SALVATIERRA, URB. SELLES, URB. VISTAS DE SAN FELIPE, BDA. ROOSEVELT, RES. RESIDENCIAL LA LORENZANA, RES. RESIDENCIAL SAN LORENZO APARTMENTS, SECT. CASCO URBANO, SECT. EL CACHETE, SECT. LOS BEZARES, SECT. LOS CARRASCO, SECT. LOS GOMEZ, SECT. LOS MENDEZ, SECT. LOS SERRANOS, SECT. LOS VAZQUEZ, SECT. MONCHO SERRANO, SECT. SAN JOAQUIN, SECT. VALLE DE SAN JOAQUIN, URB. APONTE, URB. EXTENSION ROOSEVELT, URB. EXTENSION TAMARINDO, URB. HACIENDAS PARQUE DE SAN LORENZO, URB. MASSO, URB. MUnOZ MARIN, URB. PARQUE INDUSTRIAL APONTE, URB. SAN LORENZO VALLEY, URB. SELLES, URB. TAMARINDO, URB. VISTAS DE SAN LORENZO, COME. SAN LORENZO SHOPPING CENTER, RES. HATO GARDEN, SECT. CASCO URBANO, SECT. REPARTO MEDINA, URB. EXTENSION JARDINES DE SAN LORENZO, URB. JARDINES DE SAN LORENZO, URB. SAN MIGUEL",August 14 09:00',August 15 10:00',1001-1500,Unplanned,Our local power restoration team is being dispatched to the area as soon as possible. 
PONCE,"COMU. BRISAS DEL CARIBE, PARC. EL TUQUE, PARC. NUEVA VIDA, SECT. CAMINO LAS BATATAS, SECT. PUNTA DIAMANTE",August 14 09:00',August 15 10:00',1501-2000,Unplanned,Our local power restoration team is being dispatched to the area as soon as possible. 
,"AD. AEROPUERTO REGIONAL MERCEDITA, ARE. PARQUE JULIO ENRIQUE MONAGAS, IND. SABANETAS, RES. RESIDENCIAL LA CEIBA, URB. CAMINO DEL SUR, URB. HILLCREST VILLAGE, URB. HILLCREST WEST, URB. LOS CAOBOS, URB. VILLA DEL CARMEN, URB. VILLA FLORES, CMPA. CLUB NAUTICO DE PONCE, CMPA. LA GUANCHA, URB. COSTA SABANA, URB. ESTANCIAS DEL CARMEN, URB. VILLA DEL CARMEN, URB. COSTA CARIBE RESORT, URB. VILLA DEL CARMEN",August 14 08:30',August 15 10:00',>5000,Unplanned,Our local power restoration team is being dispatched to the area as soon as possible. 
,"BDA. BORINQUEN, COND. VILLA PONCE HOUSING FOR THE ELDERLY, RES. RESIDENCIAL LOS ROSALES, RES. RESIDENCIAL PERLA DEL CARIBE, RES. RESIDENCIAL PONCE HOUSING, RES. RESIDENCIAL TIBES TOWN HOUSE, RES. RESIDENCIAL TORMOS DIEGO, RES. RESIDENCIAL VILLA ELENA, SECT. CASCO URBANO, SECT. LAS CANITAS, SECT. MAYOR CANTERA, SECT. PASTILLO, SECT. PLAYITA FERRY, SECT. PORTUGUES, SECT. PUEBLITO NUEVO, SECT. VILLA DOS RIOS, SECT. VILLAS DE MONTE VERDE, URB. EXTENSION EL YESO, URB. EXTENSION LA GUADALUPE, URB. EXTENSION LA RAMBLA, URB. EXTENSION SANTA TERESITA, URB. FERRY BARRANCAS, URB. JAIME L. DREW, URB. LA GUADALUPE, URB. LA GUADALUPE TOWNHOUSE, URB. LA LULA, URB. NUEVO MAMEYES, URB. SANTA TERESITA, URB. TIBES, URB. VILLA MACHUELO, COME. LA RAMBLA SHOPPING CENTER, COMU. EL PARAISO, COMU. EXTENSION EL PARAISO, COND. ALBORADA, COND. PATIO EL SEnORIAL, COND. PORTALES DEL MONTE, COND. RIBERAS DEL BUCANA 3, PARC. LA YUCA, SECT. EL BRONCE, SECT. JUACHIN, SECT. LA ESTANCITA, SECT. LA PONDEROSA, SECT. LAS COROZAS, SECT. PASTILLO, SECT. VILLAS DE MONTE VERDE, URB. CUARTA EXTENSION EL MONTE, URB. ESTANCIAS DEL MONTE, URB. EXTENSION QUINTAS DE MONSERRATE, URB. EXTENSION VALLE ALTO, URB. GLENVIEW GARDENS, URB. HACIENDAS DEL MONTE, URB. JARDINES DE PONCE, URB. MANSIONES DEL LAGO, URB. MANSIONES DEL SUR, URB. MANSION REAL, URB. RIBERAS DEL BUCANA, URB. TERRA SEnORIAL, URB. VALLE ALTO, COND. PASEO DEL PRINCIPE, COND. PASEO DEL REY, COND. PASEO LA PRINCESA, COND. PASEO LA REINA, RES. RESIDENCIAL DOCTOR PILA, URB. JARDINES FAGOT, URB. SANTA CLARA, URB. VALLE VERDE, COM. FARMACIA WALGREENS, COND. MARGIE I, EDU. ESCUELA DR. JOSE CELSO BARBOSA, RES. EXTENSION RESIDENCIAL DOCTOR PILA, RES. RESIDENCIAL DOCTOR PILA, RES. RESIDENCIAL SANTIAGO IGLESIAS, SECT. CASCO URBANO, SECT. EL VIGIA, SECT. HOYO DE PEPE, URB. SANTA CLARA",August 14 08:30',August 15 10:00',1501-2000,Unplanned,Our local power restoration team is being dispatched to the area as soon as possible. 
CAROLINA,"COMU. SABANA ABAJO NORTE, HTL. HOTEL FANTASY, IND. INDUSTRIAL VILLE, IND. LA CERAMICA INDUSTRIAL PARK, IND. PARQUE INDUSTRIAL CHARLYN, IND. PARQUE INDUSTRIAL COUNTRY CLUB, IND. SABANA ABAJO INDUSTRIAL PARK, IND. SABANA GARDENS INDUSTRIAL PARK, RES. RESIDE",August 14 08:10',August 15 10:00',>5000,Unplanned,Our local power restoration team is being dispatched to the area as soon as possible. 
CABO ROJO,"COMU. POLE OJEA, COND. BRISAS DEL COMBATE, COND. CAMINO DEL MAR, COND. COMBATE VIEW VILLAGE, COND. PASEOS DEL FARO 1, COND. PLAYAS DEL CARIBE RESORT, COND. PUERTO AZUL 3, COND. PUERTO DORADO, COND. PUERTO SALINAS, COND. VISTAMAR, DOT. EL FARO LOS MORRILLO",August 14 08:00',August 15 10:00',3001-3500,Unplanned,Our local power restoration team is being dispatched to the area as soon as possible. 
ADJUNTAS,"BDA. RODRIGUEZ, EDU. ESCUELA DOMINGO MASSOL, RES. RESIDENCIAL ALTURAS DE ADJUNTAS, RES. RESIDENCIAL VILLA VALLE VERDE, SECT. CASCO URBANO, SECT . JUAN ORTIZ, SECT. LAGO GARZAS, SECT. LA OLIMPIA, SECT. PALOMO, SECT. PARCELAS IRIZARRY, SECT. SALTILLO VACAS,",August 14 07:45',August 15 15:00',1001-1500,Unplanned,Our local power restoration team is being dispatched to the area as soon as possible. 
ADJUNTAS,"CMPD. COMPLEJO RECREATIVO GUARIONEX POLIDEPORTIVO, COM. SUPERMERCADO SELECTOS, SECT. ACUEDUCTO, SECT. COLISEO, SECT. COMUNIDAD YAYALES, SECT. LOS CALABOZOS",August 14 07:45',August 15 10:00',501-1000,Unplanned,Our local power restoration team is being dispatched to the area as soon as possible. 
ARECIBO,"COMU. BITHORN, SECT. ANIMAS, SECT. BALLAJA, SECT. BIAFARA, SECT. PALO BLANCO, SECT. RINCON PRIETO, SECT. VILLISLA, URB. ESTANCIAS DE ARECIBO, URB. JARDINES DE PALO BLANCO",August 14 07:30',August 15 10:00',2501-3000,Unplanned,Our local power restoration team is being dispatched to the area as soon as possible. 
,"ACACIAS A LEON  EDU. ESCUELA FRANKLIN DELANO ROOSEVELT, SECT. BARRIO COLOMBIA, SECT. CALLE PROLONGACION VADI, SECT. CASCO URBANO, URB. HOSTOS, SECT. CASCO URBANO, COMU. VADI, EDU. ESCUELA INTERMEDIA MANUEL A. BARRETO, RES. RESIDENCIAL COLUMBUS LANDING, SE",August 14 07:06',August 14 23:00',1501-2000,Unplanned,Our power restoration team is onsite conducting critical repairs to restore power the area as quickly and safely as possible. 
GURABO,"CMPG. POLIGONO DE TIRO DE LA POLICIA DE PUERTO RICO, CMPR. VISTAS DEL ESTE, COND. LAS VISTAS DE GURABO, COND. MAGA TREE VILLAGE APARTMENTS, COND. MODENA 1, COND. MODENA 2, COND. MODENA 3, COND. PASEO GRAN VISTA, COND. VENTANAS DE GURABO, EDU. ESCUELA SEGU",August 14 06:38',August 15 10:00',1501-2000,Unplanned,Our local power restoration team is being dispatched to the area as soon as possible. 
GURABO,"CMPA. LOMAS DEL SOL, COND. BUENA VISTA APARTMENTS, COND. CAMINITO, COND. VILLAS DEL SOPORTAL, EDU. COLEGIO BAUTISTA, PARC. TOQUI, PARC. VIEJAS CELADA, SECT. BELLA VISTA, SECT. CABEZUDO, SECT. CANDIDO GOMEZ, SECT. CARMELO CUADRADO, SECT. CAYANO, SECT. COLI",August 14 06:38',August 15 10:00',1501-2000,Unplanned,Our local power restoration team is being dispatched to the area as soon as possible. 
CABO ROJO,"COMU. POLE OJEA, COND. BRISAS DEL COMBATE, COND. CAMINO DEL MAR, COND. COMBATE VIEW VILLAGE, COND. PASEOS DEL FARO 1, COND. PLAYAS DEL CARIBE RESORT, COND. PUERTO AZUL 3, COND. PUERTO DORADO, COND. PUERTO SALINAS, COND. VISTAMAR, DOT. EL FARO LOS MORRILLO",August 14 06:38',August 15 15:00',3001-3500,Unplanned,Our local power restoration team is being dispatched to the area as soon as possible. 
,"SECT. LOS TORRES, SECT. CORIANO, SECT. EL JUICIO, SECT. GASCOT, SECT. LA CUARTA, SECT. LAS PARCELAS, SECT. PANORAMICO, SECT. RIITO, SECT. VISTA HERMOSA, SECT. X 100, EDU. ESCUELA DON MANOLO RIVERA, EDU. ESCUELA FRANCISCO LOPEZ CRUZ, SECT. CASCO URBANO, SECT. COMUNIDAD LAGO LA PLATA, SECT. GUADIANA ESPINELL, SECT. HATITO, SECT. HEVIA, SECT. LA HUECA, SECT. LA MARINA, SECT. LOS JUANES, SECT. LOS NEGRONES, SECT. LOS ORTEGAS, SECT. MONCHO PAGAN, SECT. SANTA MARIA, URB. BUNKER HILL, URB. CAMPO BELLO, BDA. SAN CRISTOBAL, SECT. CASCO URBANO, SECT. POMITO, CEM. CEMENTERIO MUNICIPAL DE NARANJITO, EDU. ESCUELA ELEMENTAL JOSEFINA MARRERO FEBUS, EDU. ESCUELA FIDEL G. PADILLA, EDU. ESCUELA MERCEDES ROSADO, RES. RESIDENCIAL CANDELARIO TORRES, SECT. ARTURO MORALES, SECT. CAMINO CHANGO VAZQUEZ, SECT. CAMINO LOS MORALES, SECT. CASCO URBANO, SECT. CUCHILLAS, SECT. FLOR RIVERA, SECT. FONDO DEL SACO, SECT. HIGUILLALES, SECT. LA JAGUA, SECT. LOS CHEVERE, SECT. LOS PELUSA, SECT. MARAVILLA, SECT. RAFAEL PADILLA, URB. JARDINES DE NARANJITO EDU. ESCUELA ROSA LUZ ZAYAS, SECT. CAMINO MERO MORALES, SECT. CAMINO TOnO NIEVES, SECT. CASCO URBANO, SECT. EL BLANCO, SECT. EL BRONCO, SECT. EL CERRO, SECT. EL PALMAR, SECT. FEIJO, SECT. FERRER, SECT. HIGUILLALES, SECT. LA MAYA, SECT. LAS CRUCES, SECT. LOS LOPEZ, SECT. LOS PAGAN, SECT. PEPE MORALES, SECT. SABANA",August 14 06:06',August 15 10:00',>5000,Unplanned,Our local power restoration team is being dispatched to the area as soon as possible. 
CAGUAS,"RES. RESIDENCIAL VISTAS DEL TURABO, SECT. BRISAS DEL MONTE, SECT. CAnABONCITO ARRIBA, SECT. LA ESMERALDA, SECT. LOS MELENDEZ, SECT. LOS ORELLANA, SECT. LOS QUINTANA, SECT. SALOME ORTIZ, SECT. TURABO ARRIBA, URB. ALTURAS DE VILLA DEL REY",August 14 06:05',August 15 10:00',501-1000,Unplanned,Our local power restoration team is being dispatched to the area as soon as possible. 
CIDRA,"SECT. EL PUENTE, BDA. FERRER, COME. PLAZA EL JIBARO, COMU. SANTA TERESITA, COND. EL LAGO, EDU. ESCUELA EDUCACION BILINGUE LUIS MUnOZ IGLESIA, EDU. ESCUELA ELEMENTAL BO. CEIBA, HTL. TREASURE ISLAND, PARC. HEVIA, SECT. AGUSTIN CRUZ, SECT. AGUSTIN RODRIGUEZ,",August 14 06:04',August 15 10:00',2501-3000,Unplanned,Our power restoration team is onsite conducting critical repairs to restore power the area as quickly and safely as possible.
SALINAS,"COMU. EL LOMO, COMU. RABO DEL BUEY, COMU. REPARTO EXTENSION DEL MONTE, PARC. VAZQUEZ, SECT. MATTEI, SECT. MONTE GRANDE, SECT. NARANJO, SECT. BRISAS DEL TAMARINDO, SECT. RANCHOS GUAYAMA, CMPD. ALBERGUE OLIMPICO, COMU. LA PLENA, COMU. RABO DEL BUEY, SECT. J",August 14 05:10',August 15 10:00',1501-2000,Unplanned,Our power restoration team is onsite conducting critical repairs to restore power the area as quickly and safely as possible.
SALINAS,"IND. HACIENDA LAS CAROLINAS, IND. SALINAS INDUSTRIAL PARK, PARC. LAS 80, RES. RESIDENCIAL BRISAS DEL MAR, SECT. ARENAL, SECT. BORINQUEN, SECT. CASCO URBANO, SECT. COCO MARGARITA, SECT. LAS MERCEDES DE LOS POLEOS, SECT. POLEOS, SECT. VILLA COFRESI, SECT. V",August 14 04:40',August 15 10:00',1001-1500,Unplanned,Our power restoration team is onsite conducting critical repairs to restore power the area as quickly and safely as possible.
GUAYAMA,"BDA. MOSQUITO, CMPG. COMPLEJO CORRECCIONAL DE GUAYAMA, COMU. BARRANCA, COMU. MIRAMAR, COMU. NUEVO AMANECER, COMU. POZUELO, COMU. SAN MARTIN, COMU. SANTA ANA, COND. EL LEGADO CHICHI RODRIGUEZ GOLF RESORT, EDU. ESCUELA JOSE MUnOZ VAZQUEZ, IND. PLANTA DE HOR",August 14 04:40',August 15 10:00',4001-4500,Unplanned,Our power restoration team is onsite conducting critical repairs to restore power the area as quickly and safely as possible.
PONCE,"COME. PONCE TOWN CENTER, COM. GASOLINERA PUMA, COM. HOME DEPOT, COND. CHALETS DE PUNTO ORO, COND. MONTEMAR APARTMENTS, IND. EL TUQUE, PARC. EL TUQUE, RES. RESIDENCIAL LIRIOS DEL SUR, RES. RESIDENCIAL RAMOS ANTONINI, SECT. PUNTA DIAMANTE, URB. EXTENSION PU",August 14 03:13',August 15 10:00',>5000,Unplanned,Our power restoration team is onsite conducting critical repairs to restore power the area as quickly and safely as possible.
TRUJILLO ALTO,"BDA. BELEN, CMPA. LAKESIDE COURT, CMPD. ENCANTADA, CMPR. ENCANTADA, COND. MONTECILLO 1, COND. MONTECILLO 2, COND. MONTECILLO COURT, COND. TOWN VILLAGE, EDU. ESCUELA MEDARDO CARAZO, EDU. ESCUELA TULIO LARRINAGA, SECT. CASCO URBANO, SECT. SAN NICOLAS, URB. ",August 14 03:12',August 14 10:00',1501-2000,Unplanned,Our power restoration team is onsite conducting critical repairs to restore power the area as quickly and safely as possible.
,NAGUABO >2701-00,August 14 02:20',August 15 10:00',>5000,Unplanned,Our power restoration team is onsite conducting critical repairs to restore power the area as quickly and safely as possible.
,FAJARDO > DOS MARINAS 2003-00,August 14 02:15',August 15 10:00',1501-2000,Unplanned,Our power restoration team is onsite conducting critical repairs to restore power the area as quickly and safely as possible.
CAROLINA,"COND. VILLAS DEL GIGANTE, SECT. CAMINO REAL, SECT. FILIPINAS, SECT. JESUS RODRIGUEZ, SECT. LOS FERRER, SECT. LOS VELAZQUEZ, SECT. JUSTINO BETANCOURT, SECT. LOS MIRANDA, SECT. PABLO BETANCOURT, SECT. RUIZ BETANCOURT, SECT. SABANA",August 14 01:52',August 15 10:00',1501-2000,Unplanned,Our power restoration team is onsite conducting critical repairs to restore power the area as quickly and safely as possible.
FAJARDO,"COND. MONTE SOL, PARC. LUIS M CINTRON, SECT. CAMACHO, URB. SANTA RITA",August 14 01:52',August 15 10:00',501-1000,Unplanned,Our power restoration team is onsite conducting critical repairs to restore power the area as quickly and safely as possible.
,SUBESTACIONES DE VIEQUEZ 2501-00 Y CULEBRA 3801-00,August 14 00:53',August 15 10:00',>5000,Unplanned,Our power restoration team is onsite conducting critical repairs to restore power the area as quickly and safely as possible.
,TRAMO DOS BOCAS > LARES T.O,August 14 00:51',August 15 10:00',3001-3500,Unplanned,Our power restoration team is onsite conducting critical repairs to restore power the area as quickly and safely as possible.
FAJARDO,"BDA. VEVE CALZADA, COME. EASTERN PLAZA SHOPPING CENTER, COME. PLAZA FAJARDO SHOPPING CENTER, COME. PLAZA PUNTA DEL ESTE SHOPPING CENTER, COND. LAS LOMAS APARTMENTS, COND. MIRADOR PLAYA CONVENTO, COND. PASEO ESMERALDA, URB. RESIDENCIAL VILLA FAJARDO 1, URB",August 13 23:24',August 15 10:00',2001-2500,Unplanned,Our power restoration team is onsite conducting critical repairs to restore power the area as quickly and safely as possible.
SAN JUAN,"COND. LOS JARDINES DE MONTEHIEDRA, SECT. CAMINO CRUZ ROMERO, SECT. CAMINO LAS PIEDRAS FINAL, SECT. CAMINO LOS BENITEZ 1, SECT. CAMINO LOS BIGIOS, SECT. CAMINO LOS FIGUEROA, SECT. CAMINO LOS ROMEROS, SECT. CAMINO LUCIANO VAZQUEZ, SECT. FELIX VAZQUEZ, SECT.",August 13 23:20',August 14 23:00',501-1000,Unplanned,Our power restoration team is onsite conducting critical repairs to restore power the area as quickly and safely as possible. 
CAROLINA,,August 13 23:14',August 15 10:00',3501-4000,Unplanned,Our power restoration team is onsite conducting critical repairs to restore power the area as quickly and safely as possible.
,TRAMO > SABANA LLANA TC > CANOVANAS TC,August 13 22:55',August 15 10:00',<500,Unplanned,Our power restoration team is onsite conducting critical repairs to restore power the area as quickly and safely as possible.
MARICAO,"SECT. LAS ABEJAS, SECT. LAS PIEDRAS, SECT. SANTONES",August 13 21:44',August 15 10:00',<500,Unplanned,Our power restoration team is onsite conducting critical repairs to restore power the area as quickly and safely as possible.
QUEBRADILLAS,SECT. EL CANAL,August 13 21:05',August 15 10:00',1001-1500,Unplanned,Our power restoration team is onsite conducting critical repairs to restore power the area as quickly and safely as possible.
SAN JUAN,"BDA. BUEN CONSEJO, BDA. VENEZUELA, CEM. CEMENTERIO VILLA NEVAREZ, CMPE. JARDIN BOTANICO, COND. EL PARAISO, COND. PARADISE COURT, COND. PARADISE COURT 2, COND. PARK GARDENS COURT, EDU. COLEGIO SAN JOSE, IND. SAN JOSE, IND. URBANIZACION INDUSTRIAL EL CINCO,",August 13 19:18',August 15 10:00',1501-2000,Unplanned,Our local power restoration team is being dispatched to the area as soon as possible. 
,BARCELONETA T.C. - FLORIDA T.O. ,August 10 12:52',August 15 20:00',<500,3rd Party Damage,Our power restoration team is onsite conducting critical repairs to restore power the area as quickly and safely as possible.